timestamp,Title,price,Original_Price,Shipping_Info,URL
2025-11-22 07:45:40,Samsung Galaxy Watch Ultra 47MM LTE Unlocked L705U AI Smartwatch - Very Good,$239.99,$399.99,N/A,https://www.ebay.com/itm/316618693930?_trkparms=5373%3A5000006400%7C5374%3ATech%7C5079%3A5000006400
2025-11-22 07:45:50,Unknown,$239.99,NA,N/A,NA
2025-11-22 07:45:50,Apple iPhone 15 Pro Max A2849 256GB Unlocked Very Good,$565.99,NA,N/A,https://www.ebay.com/itm/356227859677?_trkparms=5373%3A5000006400%7C5374%3ATech%7C5079%3A5000006400
2025-11-22 07:45:52,Unknown,$565.99,NA,N/A,NA
2025-11-22 07:45:52,"Bose SoundLink Max Portable Speaker, Certified Refurbished",$210.00,$319.00,N/A,https://www.ebay.com/itm/187576160757?_trkparms=5373%3A5000006400%7C5374%3ATech%7C5079%3A5000006400
2025-11-22 07:46:02,Unknown,$210.00,NA,N/A,NA
2025-11-22 07:46:02,Apple iPhone 16 Pro 128GB Unlocked Very Good Condition,$654.99,NA,N/A,https://www.ebay.com/itm/356605660694?_trkparms=5373%3A5000006400%7C5374%3ATech%7C5079%3A5000006400
2025-11-22 07:46:03,Unknown,$654.99,NA,N/A,NA
2025-11-22 07:46:03,"Seagate Exos ST22000NM000C 22TB CMR 7200RPM SATA6Gb/s 3.5"" Enterprise Hard Drive",$254.99,$399.99,N/A,https://www.ebay.com/itm/226543075141?_trkparms=5373%3A5000006400%7C5374%3ATech%7C5079%3A5000006400
2025-11-22 07:46:13,Unknown,$254.99,NA,N/A,NA
2025-11-22 07:46:13,Apple iPhone 13 Mini A2481 (Fully Unlocked) 128GB Midnight (Excellent),$222.99,$729.00,N/A,https://www.ebay.com/itm/286881752076?_trkparms=5373%3A5000006400%7C5374%3ATech%7C5079%3A5000006400
2025-11-22 07:46:23,Unknown,$222.99,NA,N/A,NA
2025-11-22 07:46:23,"MSI MAG 275QPF X30 27"" WQHD Flat Rapid IPS Gaming Monitor, 300Hz/0.5ms HDR400",$149.99,$299.99,N/A,https://www.ebay.com/itm/257168369340?_trkparms=5373%3A5000006400%7C5374%3ATech%7C5079%3A5000006400
2025-11-22 07:46:24,Unknown,$149.99,NA,N/A,NA
2025-11-22 07:46:24,Sony WH-1000XM5/B Wireless Industry Leading Noise Canceling Bluetooth Headphones,$169.99,$399.99,N/A,https://www.ebay.com/itm/314074071401?_trkparms=5373%3A5000006400%7C5374%3ATech%7C5079%3A5000006400
2025-11-22 07:46:34,Unknown,$169.99,NA,N/A,NA
2025-11-22 07:46:34,"Apple MacBook Pro 14"" Apple M4 chip 16GB RAM 512GB SSD Space Black MW2U3LL/A","$1,208.71","$1,599.00",N/A,https://www.ebay.com/itm/365274074621?_trkparms=5373%3A5000006400%7C5374%3ATech%7C5079%3A5000006400
2025-11-22 07:46:35,Unknown,"$1,208.71",NA,N/A,NA
2025-11-22 07:46:35,"Acer 27"" Nitro Widescreen Gaming Monitor KG271U N3BMIIPX AMD 180Hz Refurbished",$97.99,$179.99,N/A,https://www.ebay.com/itm/267305027724?_trkparms=5373%3A5000006400%7C5374%3ATech%7C5079%3A5000006400
2025-11-22 07:46:46,Unknown,$97.99,NA,N/A,NA
2025-11-22 07:46:46,Apple Pencil Pro MX2D3AM/A White for iPad Pro M4 & iPad Air M2 Authentic,$82.89,$150.00,N/A,https://www.ebay.com/itm/276648194139?_trkparms=5373%3A5000006400%7C5374%3ATech%7C5079%3A5000006400
2025-11-22 07:46:47,Unknown,$82.89,NA,N/A,NA
2025-11-22 07:46:47,"Acer 27"" Gaming Monitor LED 240Hz 2560x1440 1ms 400 Nit XF273UW2 Refurbished",$116.99,$399.99,N/A,https://www.ebay.com/itm/256365232347?_trkparms=5373%3A5000006400%7C5374%3ATech%7C5079%3A5000006400
2025-11-22 07:46:57,Unknown,$116.99,NA,N/A,NA
2025-11-22 07:46:57,Sony WH-1000XM6 The Best Wireless Noise Canceling Bluetooth Headphones,$299.99,$449.99,N/A,https://www.ebay.com/itm/267320613152?_trkparms=5373%3A5000006400%7C5374%3ATech%7C5079%3A5000006400
2025-11-22 07:46:58,Unknown,$299.99,NA,N/A,NA
2025-11-22 07:46:58,Apple iPhone 13 A2482 (Fully Unlocked) 256GB Midnight (Very Good),$277.99,"$1,049.00",N/A,https://www.ebay.com/itm/286883376684?_trkparms=5373%3A5000006400%7C5374%3ATech%7C5079%3A5000006400
2025-11-22 07:46:59,Unknown,$277.99,NA,N/A,NA
2025-11-22 07:46:59,Recertified 4TB WD Blue PC Desktop SATA HDD 5400 RPM 256MB Cache - RWD40EZAX,$59.99,$84.99,N/A,https://www.ebay.com/itm/297616991607?_trkparms=5373%3A5000006400%7C5374%3ATech%7C5079%3A5000006400
2025-11-22 07:47:09,Unknown,$59.99,NA,N/A,NA
2025-11-22 07:47:09,Apple iPhone 15 Pro A2848 256GB Unlocked - Very Good Condition,$498.99,NA,N/A,https://www.ebay.com/itm/356227813818?_trkparms=5373%3A5000006400%7C5374%3ATech%7C5079%3A5000006400
2025-11-22 07:47:10,Unknown,$498.99,NA,N/A,NA
2025-11-22 07:47:10,Acer Predator Helios Neo 16S Gaming Laptop RTX 5070 Ti 32GB RAM 1TB Refurbished,"$1,382.28","$1,899.99",N/A,https://www.ebay.com/itm/277352801036?_trkparms=5373%3A5000006400%7C5374%3ATech%7C5079%3A5000006400
2025-11-22 07:47:20,Unknown,"$1,382.28",NA,N/A,NA
2025-11-22 07:47:20,Apple iPhone 15 Pro A2848 128GB Unlocked - Very Good Condition,$467.87,NA,N/A,https://www.ebay.com/itm/356227875584?_trkparms=5373%3A5000006400%7C5374%3ATech%7C5079%3A5000006400
2025-11-22 07:47:31,Unknown,$467.87,NA,N/A,NA
2025-11-22 07:47:31,Apple iPhone 15 Pro Max A2849 1TB Natural Unlocked Very Good Condition,$638.99,"$1,499.99",N/A,https://www.ebay.com/itm/357492955429?_trkparms=5373%3A5000006400%7C5374%3ATech%7C5079%3A5000006400
2025-11-22 07:47:32,Unknown,$638.99,NA,N/A,NA
2025-11-22 07:47:32,Apple iPhone 15 Pro A2848 256GB Unlocked Excellent Condition,$575.99,NA,N/A,https://www.ebay.com/itm/356895116213?_trkparms=5373%3A5000006400%7C5374%3ATech%7C5079%3A5000006400
2025-11-22 07:47:33,Unknown,$575.99,NA,N/A,NA
2025-11-22 07:47:33,Apple iPhone 16 Pro Max 256GB Unlocked Very Good Condition,$805.99,NA,N/A,https://www.ebay.com/itm/356605653571?_trkparms=5373%3A5000006400%7C5374%3ATech%7C5079%3A5000006400
2025-11-22 07:47:43,Unknown,$805.99,NA,N/A,NA
2025-11-22 07:47:43,"Apple iPhone 14 128GB Unlocked 6.1"" - (Midnight) A2649 w/1 Year Warranty",$264.48,$799.00,N/A,https://www.ebay.com/itm/375369082679?_trkparms=5373%3A5000006400%7C5374%3ATech%7C5079%3A5000006400
2025-11-22 07:47:44,Unknown,$264.48,NA,N/A,NA
2025-11-22 07:47:44,Apple iPhone 15 A2846 128GB Unlocked Very Good Condition,$417.99,NA,N/A,https://www.ebay.com/itm/356036255923?_trkparms=5373%3A5000006400%7C5374%3ATech%7C5079%3A5000006400
2025-11-22 07:47:45,Unknown,$417.99,NA,N/A,NA
2025-11-22 07:47:45,Insignia 50” Class F50 Series LED 4K UHD Smart Fire TV,$155.99,NA,N/A,https://www.ebay.com/itm/388716591242?_trkparms=5373%3A5000006400%7C5374%3ATech%7C5079%3A5000006400
2025-11-22 07:47:46,Unknown,$155.99,NA,N/A,NA
2025-11-22 07:47:46,"Acer Nitro V XZ342CU V3 34"" Gaming LED Monitor 3440x1440 180 Hz 4:3 Refurbished",$174.59,$349.99,N/A,https://www.ebay.com/itm/276710702646?_trkparms=5373%3A5000006400%7C5374%3ATech%7C5079%3A5000006400
2025-11-22 07:47:56,Unknown,$174.59,NA,N/A,NA
2025-11-22 07:47:56,"2024 Apple M4 Pro MacBook Pro 16.2"" 24GB/512GB (Black) 5X2X3LL/A w/Warranty","$1,637.09","$2,499.00",N/A,https://www.ebay.com/itm/146932163438?_trkparms=5373%3A5000006400%7C5374%3ATech%7C5079%3A5000006400
2025-11-22 07:48:06,Unknown,"$1,637.09",NA,N/A,NA
2025-11-22 07:48:06,Apple iPhone 12 A2172 (Fully Unlocked) 64GB Black (Good),$169.99,$729.00,N/A,https://www.ebay.com/itm/286883200460?_trkparms=5373%3A5000006400%7C5374%3ATech%7C5079%3A5000006400
2025-11-22 07:48:16,Unknown,$169.99,NA,N/A,NA
2025-11-22 07:48:16,"Acer Nitro 27"" Gaming Monitor 180Hz 2560x1440 16:9 250Nit XV271U M3 Refurbished",$99.99,$299.99,N/A,https://www.ebay.com/itm/256347779312?_trkparms=5373%3A5000006400%7C5374%3ATech%7C5079%3A5000006400
2025-11-22 07:48:17,Unknown,$99.99,NA,N/A,NA
2025-11-22 07:48:18,"2020 Apple iPad 8 32GB WiFi Only 10.2"" - (Silver) A2270 w/1 Year Warranty",$108.29,$329.00,N/A,https://www.ebay.com/itm/355409342986?_trkparms=5373%3A5000006400%7C5374%3ATech%7C5079%3A5000006400
2025-11-22 07:48:28,Unknown,$108.29,NA,N/A,NA
2025-11-22 07:48:28,"Apple MacBook Air 13"" M4 chip 16GB RAM 256GB SSD Midnight MW123LL/A 2025 Model",$773.23,$999.00,N/A,https://www.ebay.com/itm/146505575774?_trkparms=5373%3A5000006400%7C5374%3ATech%7C5079%3A5000006400
2025-11-22 07:48:38,Unknown,$773.23,NA,N/A,NA
2025-11-22 07:48:38,Apple iPad 7th Gen 2019 (Wi-Fi) 32GB Space Gray (Excellent),$96.99,$329.00,N/A,https://www.ebay.com/itm/286883266287?_trkparms=5373%3A5000006400%7C5374%3ATech%7C5079%3A5000006400
2025-11-22 07:48:48,Unknown,$96.99,NA,N/A,NA
2025-11-22 07:48:48,Sony ULT TOWER 10 Wireless Bluetooth Party Speaker with Wireless Microphone,$714.00,NA,N/A,https://www.ebay.com/itm/187179620525?_trkparms=5373%3A5000006400%7C5374%3ATech%7C5079%3A5000006400
2025-11-22 07:48:58,Unknown,$714.00,NA,N/A,NA
2025-11-22 07:48:58,Apple iPhone 16 Pro Max A3084 512GB Unlocked Excellent Condition,$925.99,"$1,799.99",N/A,https://www.ebay.com/itm/357482182735?_trkparms=5373%3A5000006400%7C5374%3ATech%7C5079%3A5000006400
2025-11-22 07:49:08,Unknown,$925.99,NA,N/A,NA
2025-11-22 07:49:08,"Acer Swift 16"" AI Copilot+ PC Intel 2880 x 1800 2.2GHz 16GB 1TB SSD Refurbished",$620.09,"$1,199.99",N/A,https://www.ebay.com/itm/256904160754?_trkparms=5373%3A5000006400%7C5374%3ATech%7C5079%3A5000006400
2025-11-22 07:49:09,Unknown,$620.09,NA,N/A,NA
2025-11-22 07:49:09,Samsung Galaxy S24 Plus Fully Unlocked 6.7in 256GB - Very Good,$387.00,$649.00,N/A,https://www.ebay.com/itm/136234028196?_trkparms=5373%3A5000006400%7C5374%3ATech%7C5079%3A5000006400
2025-11-22 07:49:10,Unknown,$387.00,NA,N/A,NA
2025-11-22 07:49:10,Samsung Galaxy Watch7 Aluminum Smartwatch 44mm BT Green SM-L310NZGAXAA,$117.49,$339.99,N/A,https://www.ebay.com/itm/395804156611?_trkparms=5373%3A5000006400%7C5374%3ATech%7C5079%3A5000006400
2025-11-22 07:49:20,Unknown,$117.49,NA,N/A,NA
2025-11-22 07:49:21,"Apple MacBook Pro A2251 13"" 512GB, Space Grey",$364.99,NA,N/A,https://www.ebay.com/itm/388899752630?_trkparms=5373%3A5000006400%7C5374%3ATech%7C5079%3A5000006400
2025-11-22 07:49:22,Unknown,$364.99,NA,N/A,NA
2025-11-22 07:49:22,"2021 Apple M1 Pro MacBook Pro 16"" 32GB/512GB SSD - (Space Gray) A2485 w/Warranty",$727.09,"$2,699.00",N/A,https://www.ebay.com/itm/146647402645?_trkparms=5373%3A5000006400%7C5374%3ATech%7C5079%3A5000006400
2025-11-22 07:49:32,Unknown,$727.09,NA,N/A,NA
2025-11-22 07:49:32,Samsung Galaxy S22 S901 128GB Unlocked - Excellent,$159.99,"$1,199.99",N/A,https://www.ebay.com/itm/364498823740?_trkparms=5373%3A5000006400%7C5374%3ATech%7C5079%3A5000006400
2025-11-22 07:49:33,Unknown,$159.99,NA,N/A,NA
2025-11-22 07:49:33,"ASUS ROG Ally 7"" 120Hz FHD Touch AMD Ryzen Z1 16GB 512GB SSD W11H Gaming Console",$389.00,$649.99,N/A,https://www.ebay.com/itm/167912235793?_trkparms=5373%3A5000006400%7C5374%3ATech%7C5079%3A5000006400
2025-11-22 07:49:43,Unknown,$389.00,NA,N/A,NA
2025-11-22 07:49:43,"Toshiba MG08ACP16TE 16TB 512MB 7200RPM SATA 6.0Gb/s 3.5"" Internal Enterprise HDD",$199.99,$239.99,N/A,https://www.ebay.com/itm/167745461033?_trkparms=5373%3A5000006400%7C5374%3ATech%7C5079%3A5000006400
2025-11-22 07:49:44,Unknown,$199.99,NA,N/A,NA
2025-11-22 07:49:44,"Harman Kardon Aura Studio 4, Bluetooth home speaker",$149.99,$299.95,N/A,https://www.ebay.com/itm/395392072656?_trkparms=5373%3A5000006400%7C5374%3ATech%7C5079%3A5000006400
2025-11-22 07:49:45,Unknown,$149.99,NA,N/A,NA
2025-11-22 07:49:45,eufy 2K Outdoor Solar Security Cameras (SoloCam S230) Spotlight Cam Night Vision,$129.99,$449.99,N/A,https://www.ebay.com/itm/387495675783?_trkparms=5373%3A5000006400%7C5374%3ATech%7C5079%3A5000006400
2025-11-22 07:49:55,Unknown,$129.99,NA,N/A,NA
2025-11-22 07:49:55,APPLE IPHONE 17 AIR 256GB (FACTORY UNLOCKED) ✅NEVER ACTIVATED✅ ❖FACTORY SEALED❖,$899.95,$999.00,N/A,https://www.ebay.com/itm/326827119768?_trkparms=5373%3A5000006400%7C5374%3ATech%7C5079%3A5000006423
2025-11-22 07:49:57,Unknown,$899.95,NA,N/A,NA
2025-11-22 07:49:57,Apple iPhone 14 Pro - 512GB - (Unlocked) - A2650 - All Colors - Good,$469.00,NA,N/A,https://www.ebay.com/itm/365928169381?_trkparms=5373%3A5000006400%7C5374%3ATech%7C5079%3A5000006423
2025-11-22 07:50:07,Unknown,$469.00,NA,N/A,NA
2025-11-22 07:50:07,Samsung Galaxy S23 Ultra 512GB S918U Unlocked - Very Good,$394.99,NA,N/A,https://www.ebay.com/itm/256613651818?_trkparms=5373%3A5000006400%7C5374%3ATech%7C5079%3A5000006423
2025-11-22 07:50:08,Unknown,$394.99,NA,N/A,NA
2025-11-22 07:50:08,Samsung Galaxy Z Flip5 256GB F731U Unlocked - Excellent,$275.99,"$1,119.99",N/A,https://www.ebay.com/itm/256387036202?_trkparms=5373%3A5000006400%7C5374%3ATech%7C5079%3A5000006423
2025-11-22 07:50:09,Unknown,$275.99,NA,N/A,NA
2025-11-22 07:50:09,"Apple Macbook Pro M2 14"" 10-Core CPU 16-Core GPU 2023 512GB SSD 16GB Ram Gray",$888.00,"$1,256.00",N/A,https://www.ebay.com/itm/226367663812?_trkparms=5373%3A5000006400%7C5374%3ATech%7C5079%3A5000006407
2025-11-22 07:50:19,Unknown,$888.00,NA,N/A,NA
2025-11-22 07:50:19,"Acer 15.6"" Chromebook Plus 515 CB515-2H-31NY 1920x1080 8GB RAM 128GB Refurbished",$159.99,$399.99,N/A,https://www.ebay.com/itm/276237750527?_trkparms=5373%3A5000006400%7C5374%3ATech%7C5079%3A5000006407
2025-11-22 07:50:29,Unknown,$159.99,NA,N/A,NA
2025-11-22 07:50:29,Acer Predator Helios Neo 16S Gaming Laptop RTX 5070 Ti 32GB RAM 1TB Refurbished,"$1,382.28","$1,899.99",N/A,https://www.ebay.com/itm/277352801036?_trkparms=5373%3A5000006400%7C5374%3ATech%7C5079%3A5000006407
2025-11-22 07:50:39,Unknown,"$1,382.28",NA,N/A,NA
2025-11-22 07:50:39,"Apple MacBook Pro 14"" 2021 M1 Pro 1TB 16GB RAM Space Gray - Excellent",$802.99,NA,N/A,https://www.ebay.com/itm/167780483014?_trkparms=5373%3A5000006400%7C5374%3ATech%7C5079%3A5000006407
2025-11-22 07:50:49,Unknown,$802.99,NA,N/A,NA
2025-11-22 07:50:49,"Bose Solo Soundbar 2 Home Theater, Certified Refurbished",$91.00,$199.00,N/A,https://www.ebay.com/itm/167031735841?_trkparms=5373%3A5000006400%7C5374%3ATech%7C5079%3A5000006409
2025-11-22 07:50:50,Unknown,$91.00,NA,N/A,NA
2025-11-22 07:50:50,"Samsung 77"" Class OLED 4K S90F Samsung Vision AI Smart TV (2025)","$1,472.00","$4,999.95",N/A,https://www.ebay.com/itm/167548836038?_trkparms=5373%3A5000006400%7C5374%3ATech%7C5079%3A5000006409
2025-11-22 07:50:51,Unknown,"$1,472.00",NA,N/A,NA
2025-11-22 07:50:51,Yamaha ATS-1090 Soundbar (Refurbished),$39.99,NA,N/A,https://www.ebay.com/itm/297670467933?_trkparms=5373%3A5000006400%7C5374%3ATech%7C5079%3A5000006409
2025-11-22 07:51:01,Unknown,$39.99,NA,N/A,NA
2025-11-22 07:51:02,Epson PowerLite 800F 1080p 5000 Lumens Ultra Short-throw Laser Projector,"$1,519.00","$2,499.00",N/A,https://www.ebay.com/itm/175044797583?_trkparms=5373%3A5000006400%7C5374%3ATech%7C5079%3A5000006409
2025-11-22 07:51:12,Unknown,"$1,519.00",NA,N/A,NA
2025-11-22 07:51:12,DJI FPV Air Unit with Camera- Certified Refurbished,$224.10,$299.00,N/A,https://www.ebay.com/itm/304720385121?_trkparms=5373%3A5000006400%7C5374%3ATech%7C5079%3A5000006430
2025-11-22 07:51:13,Unknown,$224.10,NA,N/A,NA
2025-11-22 07:51:13,DJI Mavic Air - White Drone - 4K Quadcopter Compact-Certified Refurbished,$404.10,$999.00,N/A,https://www.ebay.com/itm/304925264973?_trkparms=5373%3A5000006400%7C5374%3ATech%7C5079%3A5000006430
2025-11-22 07:51:23,Unknown,$404.10,NA,N/A,NA
2025-11-22 07:51:23,DJI Mini 2 Drone Fly More Vlogger Combo - Certified Refurbished,$449.00,$529.00,N/A,https://www.ebay.com/itm/305262583072?_trkparms=5373%3A5000006400%7C5374%3ATech%7C5079%3A5000006430
2025-11-22 07:51:33,Unknown,$449.00,NA,N/A,NA
2025-11-22 07:51:33,DJI Zenmuse H20T,"$2,999.00",NA,N/A,https://www.ebay.com/itm/305753454906?_trkparms=5373%3A5000006400%7C5374%3ATech%7C5079%3A5000006430
2025-11-22 07:51:44,Unknown,"$2,999.00",NA,N/A,NA
2025-11-22 07:51:44,"Lenovo Legion Go 8.8"" 144Hz Handheld AMD Ryzen Z1 Extreme 16GB 1TB with Case",$585.00,NA,N/A,https://www.ebay.com/itm/136764021753?_trkparms=5373%3A5000006400%7C5374%3ATech%7C5079%3A5000006401
2025-11-22 07:51:45,Unknown,$585.00,NA,N/A,NA
2025-11-22 07:51:45,SteelSeries Nimbus+ Wireless Gaming Controller Black,$69.99,NA,N/A,https://www.ebay.com/itm/285896610639?_trkparms=5373%3A5000006400%7C5374%3ATech%7C5079%3A5000006401
2025-11-22 07:51:46,Unknown,$69.99,NA,N/A,NA
2025-11-22 07:51:46,Jabra GN Base WHB003BS for Jabra Pro 920 - BASE + Adaptor NO HEADSET,$14.99,NA,N/A,https://www.ebay.com/itm/136675884991?_trkparms=5373%3A5000006400%7C5374%3ATech%7C5079%3A5000006401
2025-11-22 07:51:47,Unknown,$14.99,NA,N/A,NA
2025-11-22 07:51:47,"Microsoft Xbox Wireless Controller For Xbox Series X / S, Xbox One & Windows PC",$43.49,$70.00,N/A,https://www.ebay.com/itm/275287871839?_trkparms=5373%3A5000006400%7C5374%3ATech%7C5079%3A5000006401
2025-11-22 07:51:57,Unknown,$43.49,NA,N/A,NA
2025-11-22 07:51:57,"Apple iPad Air 10.9"" 5th Gen, 64GB, Wi-Fi - Very Good - 1 YEAR WARRANTY",$275.86,$699.99,N/A,https://www.ebay.com/itm/175601352737?_trkparms=5373%3A5000006400%7C5374%3ATech%7C5079%3A5000006415
2025-11-22 07:51:58,Unknown,$275.86,NA,N/A,NA
2025-11-22 07:51:58,"Apple iPad 5 (2017) 9.7"" 32GB Space Gray Tablet WiFi + Cellular Unlocked - Good",$82.99,NA,N/A,https://www.ebay.com/itm/155159374757?_trkparms=5373%3A5000006400%7C5374%3ATech%7C5079%3A5000006415
2025-11-22 07:52:08,Unknown,$82.99,NA,N/A,NA
2025-11-22 07:52:08,"Apple iPad Air 10.9"" 5th Gen, 64GB, Wi-Fi - Excellent - 1 YEAR WARRANTY",$294.26,$699.99,N/A,https://www.ebay.com/itm/185764883614?_trkparms=5373%3A5000006400%7C5374%3ATech%7C5079%3A5000006415
2025-11-22 07:52:19,Unknown,$294.26,NA,N/A,NA
2025-11-22 07:52:19,Apple iPad Air 4th Gen 64GB 256GB WiFi Cellular (Excellent),$222.99,NA,N/A,https://www.ebay.com/itm/286910027797?_trkparms=5373%3A5000006400%7C5374%3ATech%7C5079%3A5000006415
2025-11-22 07:52:29,Unknown,$222.99,NA,N/A,NA
2025-11-22 07:52:29,Apple AirPods Pro 2nd Generation Gen 2 2023 A2968 with Magsafe USB-C Charging,$139.95,NA,N/A,https://www.ebay.com/itm/285636515887?_trkparms=5373%3A5000006400%7C5374%3ATech%7C5079%3A5000006419
2025-11-22 07:52:39,Unknown,$139.95,NA,N/A,NA
2025-11-22 07:52:39,Google Pixel Buds Pro True Wireless Noise Cancelling Earbuds - Charcoal,$99.95,$199.99,N/A,https://www.ebay.com/itm/364934884247?_trkparms=5373%3A5000006400%7C5374%3ATech%7C5079%3A5000006419
2025-11-22 07:52:40,Unknown,$99.95,NA,N/A,NA
2025-11-22 07:52:40,Sony WF-1000XM5 Truly Wireless Bluetooth Noise Canceling Headphones - Black,$107.99,$299.99,N/A,https://www.ebay.com/itm/276015021037?_trkparms=5373%3A5000006400%7C5374%3ATech%7C5079%3A5000006419
2025-11-22 07:52:41,Unknown,$107.99,NA,N/A,NA
2025-11-22 07:52:41,"JBL Tour Pro 3, True Wireless Noise Cancelling earbuds with Smart Charging Case™",$224.96,NA,N/A,https://www.ebay.com/itm/205699501156?_trkparms=5373%3A5000006400%7C5374%3ATech%7C5079%3A5000006419
2025-11-22 07:52:52,Unknown,$224.96,NA,N/A,NA
2025-11-22 07:52:52,"Seagate Exos ST26000NM000C 26TB CMR 7200RPM SATA6Gb/s 3.5"" Enterprise Hard Drive",$294.99,$409.99,N/A,https://www.ebay.com/itm/226536553768?_trkparms=5373%3A5000006400%7C5374%3ATech%7C5079%3A5000006421
2025-11-22 07:52:53,Unknown,$294.99,NA,N/A,NA
2025-11-22 07:52:53,"Seagate Exos 28TB 7.2K RPM SATA 6Gb/s 3.5"" Enterprise HDD - ST28000NM000C",$367.99,$499.99,N/A,https://www.ebay.com/itm/296879436001?_trkparms=5373%3A5000006400%7C5374%3ATech%7C5079%3A5000006421
2025-11-22 07:52:54,Unknown,$367.99,NA,N/A,NA
2025-11-22 07:52:54,"Seagate Exos ST22000NM000C 22TB CMR 7200RPM SATA6Gb/s 3.5"" Enterprise Hard Drive",$254.99,$399.99,N/A,https://www.ebay.com/itm/226543075141?_trkparms=5373%3A5000006400%7C5374%3ATech%7C5079%3A5000006421
2025-11-22 07:53:04,Unknown,$254.99,NA,N/A,NA
2025-11-22 07:53:04,Recertified 6TB My Passport for Mac Portable External HDD - RWDBK6C0060BBL-WESN,$129.99,$179.99,N/A,https://www.ebay.com/itm/297722774229?_trkparms=5373%3A5000006400%7C5374%3ATech%7C5079%3A5000006421
2025-11-22 07:53:05,Unknown,$129.99,NA,N/A,NA
2025-11-22 07:53:05,"Harman Kardon Onyx Studio 8, Portable stereo Bluetooth speaker",$99.99,NA,N/A,https://www.ebay.com/itm/397237425864?_trkparms=5373%3A5000006400%7C5374%3ATech%7C5079%3A5000006403
2025-11-22 07:53:06,Unknown,$99.99,NA,N/A,NA
2025-11-22 07:53:06,"Bose SoundLink Max Portable Speaker, Certified Refurbished",$210.00,$319.00,N/A,https://www.ebay.com/itm/187576160757?_trkparms=5373%3A5000006400%7C5374%3ATech%7C5079%3A5000006403
2025-11-22 07:53:16,Unknown,$210.00,NA,N/A,NA
2025-11-22 07:53:16,Skullcandy CRUSHER ANC 2 Wireless Headphones SENSORY BASS (Cert Refurb)-BLACKTAN,$89.05,$249.99,N/A,https://www.ebay.com/itm/375792866933?_trkparms=5373%3A5000006400%7C5374%3ATech%7C5079%3A5000006403
2025-11-22 07:53:26,Unknown,$89.05,NA,N/A,NA
2025-11-22 07:53:26,Genuine Apple AirPods Pro (1st Gen) Replacement Parts Right Left AirPods or Case,$27.89,NA,N/A,https://www.ebay.com/itm/126039275830?_trkparms=5373%3A5000006400%7C5374%3ATech%7C5079%3A5000006403
2025-11-22 07:53:27,Unknown,$27.89,NA,N/A,NA
2025-11-22 07:53:27,Canon imageCLASS MF753Cdw Wireless Duplex Laser Printer with Scanning and Fax,$327.99,$399.95,N/A,https://www.ebay.com/itm/376410019331?_trkparms=5373%3A5000006400%7C5374%3ATech%7C5079%3A5000006417
2025-11-22 07:53:37,Unknown,$327.99,NA,N/A,NA
2025-11-22 07:53:37,HP HP-OJPRO9128E-RB OfficeJet Pro 9128e All-in-One Printer-Certified Refurbished,$128.79,$169.99,N/A,https://www.ebay.com/itm/135849081171?_trkparms=5373%3A5000006400%7C5374%3ATech%7C5079%3A5000006417
2025-11-22 07:53:38,Unknown,$128.79,NA,N/A,NA
2025-11-22 07:53:38,Canon Imageclass LBP226DW Wireless Mobile Ready Duplex Laser Printer,$133.99,$299.99,N/A,https://www.ebay.com/itm/286222933758?_trkparms=5373%3A5000006400%7C5374%3ATech%7C5079%3A5000006417
2025-11-22 07:53:48,Unknown,$133.99,NA,N/A,NA
2025-11-22 07:53:48,Canon imageCLASS D1620 Duplex Laser Printer (Certified Refurbished),$235.99,$379.95,N/A,https://www.ebay.com/itm/376458445210?_trkparms=5373%3A5000006400%7C5374%3ATech%7C5079%3A5000006417
2025-11-22 07:53:49,Unknown,$235.99,NA,N/A,NA
2025-11-22 07:53:50,"Pioneer DMH-W3000NEX 6.8"" Touchscreen Apple CarPlay Android Auto Receiver",$273.00,$399.99,N/A,https://www.ebay.com/itm/156811900760?_trkparms=5373%3A5000006400%7C5374%3ATech%7C5079%3A5000006432
2025-11-22 07:54:00,Unknown,$273.00,NA,N/A,NA
2025-11-22 07:54:00,"Memphis Audio Loaded Single 8"" Vented MOJO Mini Series Subwoofer",$202.00,$379.99,N/A,https://www.ebay.com/itm/167187865796?_trkparms=5373%3A5000006400%7C5374%3ATech%7C5079%3A5000006432
2025-11-22 07:54:10,Unknown,$202.00,NA,N/A,NA
2025-11-22 07:54:10,"Black Diamond DIA-15D4 15"" Car Subwoofer Dual 4+4 Ohm High-Performance",$48.71,NA,N/A,https://www.ebay.com/itm/306017156003?_trkparms=5373%3A5000006400%7C5374%3ATech%7C5079%3A5000006432
2025-11-22 07:54:20,Unknown,$48.71,NA,N/A,NA
2025-11-22 07:54:20,"Kicker 43DSC69304 DS Series 6x9"" 3-Way Car Speakers - Pair",$77.73,NA,N/A,https://www.ebay.com/itm/187105154120?_trkparms=5373%3A5000006400%7C5374%3ATech%7C5079%3A5000006432
2025-11-22 07:54:21,Unknown,$77.73,NA,N/A,NA
2025-11-22 07:54:21,SIGMA 28 to 105mm F2.8 DG DN Art Lens with High Speed Autofocus for Sony E-Mount,"$1,649.00","$1,795.00",N/A,https://www.ebay.com/itm/286086610246?_trkparms=5373%3A5000006400%7C5374%3ATech%7C5079%3A5000006425
2025-11-22 07:54:22,Unknown,"$1,649.00",NA,N/A,NA
2025-11-22 07:54:22,"Canon RF 70-200mm f/2.8 L IS USM Z Lens (Black, Canon RF)","$3,299.00","$3,920.00",N/A,https://www.ebay.com/itm/286741885942?_trkparms=5373%3A5000006400%7C5374%3ATech%7C5079%3A5000006425
2025-11-22 07:54:32,Unknown,"$3,299.00",NA,N/A,NA
2025-11-22 07:54:32,Sony FE 300mm F2.8 GM OSS Full-frame Telephoto Prime G Master Lens,"$6,798.00",NA,N/A,https://www.ebay.com/itm/375443443311?_trkparms=5373%3A5000006400%7C5374%3ATech%7C5079%3A5000006425
2025-11-22 07:54:33,Unknown,"$6,798.00",NA,N/A,NA
2025-11-22 07:54:33,Sony FE 16mm f/1.8 G Lens,$898.00,NA,N/A,https://www.ebay.com/itm/286663274499?_trkparms=5373%3A5000006400%7C5374%3ATech%7C5079%3A5000006425
2025-11-22 07:54:43,Unknown,$898.00,NA,N/A,NA
2025-11-22 07:54:43,"Harman Kardon Onyx Studio 8, Portable stereo Bluetooth speaker",$99.99,NA,N/A,https://www.ebay.com/itm/397237425864?_trkparms=5373%3A5000006400%7C5374%3ATech%7C5079%3A5000006413
2025-11-22 07:54:44,Unknown,$99.99,NA,N/A,NA
2025-11-22 07:54:44,"Bose Solo Soundbar 2 Home Theater, Certified Refurbished",$91.00,$199.00,N/A,https://www.ebay.com/itm/167031735841?_trkparms=5373%3A5000006400%7C5374%3ATech%7C5079%3A5000006413
2025-11-22 07:54:45,Unknown,$91.00,NA,N/A,NA
2025-11-22 07:54:45,"Bose SoundLink Max Portable Speaker, Certified Refurbished",$210.00,$319.00,N/A,https://www.ebay.com/itm/187576160757?_trkparms=5373%3A5000006400%7C5374%3ATech%7C5079%3A5000006413
2025-11-22 07:54:46,Unknown,$210.00,NA,N/A,NA
2025-11-22 07:54:46,Skullcandy CRUSHER ANC 2 Wireless Headphones SENSORY BASS (Cert Refurb)-BLACKTAN,$89.05,$249.99,N/A,https://www.ebay.com/itm/375792866933?_trkparms=5373%3A5000006400%7C5374%3ATech%7C5079%3A5000006413
2025-11-22 07:54:47,Unknown,$89.05,NA,N/A,NA
2025-11-22 07:54:47,Dell Premium Active Pen - PN579X Stylus Black 19.5g DELL-PN579X,$19.99,NA,N/A,https://www.ebay.com/itm/389000543692?_trkparms=5373%3A5000006400%7C5374%3ATech%7C5079%3A5000006427
2025-11-22 07:54:48,Unknown,$19.99,NA,N/A,NA
2025-11-22 07:54:48,"Apple Magic Keyboard-11-inch iPad Pro (1st,2nd,or 3rd Gen) & iPad Air(4&5 Gen)",$249.99,NA,N/A,https://www.ebay.com/itm/286026129999?_trkparms=5373%3A5000006400%7C5374%3ATech%7C5079%3A5000006427
2025-11-22 07:54:58,Unknown,$249.99,NA,N/A,NA
2025-11-22 07:54:58,"Lenovo ThinkPad Pro Dock – Unlocked, No Keys, No Adapter, Dock Only",$19.99,NA,N/A,https://www.ebay.com/itm/136675922575?_trkparms=5373%3A5000006400%7C5374%3ATech%7C5079%3A5000006427
2025-11-22 07:55:09,Unknown,$19.99,NA,N/A,NA
2025-11-22 07:55:09,"Blue Yeti Blackout USB Mic for Recording, Streaming & Podcasting on PC/Mac",$49.99,NA,N/A,https://www.ebay.com/itm/136675922800?_trkparms=5373%3A5000006400%7C5374%3ATech%7C5079%3A5000006427
2025-11-22 07:55:19,Unknown,$49.99,NA,N/A,NA
2025-11-22 07:55:19,APPLE IPHONE 17 AIR 256GB (FACTORY UNLOCKED) ✅NEVER ACTIVATED✅ ❖FACTORY SEALED❖,$899.95,$999.00,N/A,https://www.ebay.com/itm/326827119768?_trkparms=5373%3A5000006400%7C5374%3ATech%7C5079%3A5000006411
2025-11-22 07:55:29,Unknown,$899.95,NA,N/A,NA
2025-11-22 07:55:29,Apple iPhone 14 Pro - 512GB - (Unlocked) - A2650 - All Colors - Good,$469.00,NA,N/A,https://www.ebay.com/itm/365928169381?_trkparms=5373%3A5000006400%7C5374%3ATech%7C5079%3A5000006411
2025-11-22 07:55:39,Unknown,$469.00,NA,N/A,NA
2025-11-22 07:55:39,Samsung Galaxy S23 Ultra 512GB S918U Unlocked - Very Good,$394.99,NA,N/A,https://www.ebay.com/itm/256613651818?_trkparms=5373%3A5000006400%7C5374%3ATech%7C5079%3A5000006411
2025-11-22 07:55:40,Unknown,$394.99,NA,N/A,NA
2025-11-22 07:55:40,Samsung Galaxy Watch5 Pro 45mm R920N GPS - Very Good,$54.99,NA,N/A,https://www.ebay.com/itm/256277867994?_trkparms=5373%3A5000006400%7C5374%3ATech%7C5079%3A5000006411
2025-11-22 07:55:41,Unknown,$54.99,NA,N/A,NA
2025-11-22 07:55:41,Netgear Nighthawk M6 5G MR6110 WiFi 6 Mobile Router White (AT&T + Unlocked)-Good,$140.99,NA,N/A,https://www.ebay.com/itm/157054508535?_trkparms=5373%3A5000006400%7C5374%3ATech%7C5079%3A5000006405
2025-11-22 07:55:51,Unknown,$140.99,NA,N/A,NA
2025-11-22 07:55:51,"LG 24MS500-B 24"" IPS 1920x1080 100Hz 5ms HDMI Borderless Design Monitor",$64.99,$129.99,N/A,https://www.ebay.com/itm/396018801048?_trkparms=5373%3A5000006400%7C5374%3ATech%7C5079%3A5000006405
2025-11-22 07:56:01,Unknown,$64.99,NA,N/A,NA
2025-11-22 07:56:01,Netgear Nighthawk M7 PRO MR7400 Black (AT&T ) - Very Good,$270.99,NA,N/A,https://www.ebay.com/itm/157139004480?_trkparms=5373%3A5000006400%7C5374%3ATech%7C5079%3A5000006405
2025-11-22 07:56:11,Unknown,$270.99,NA,N/A,NA
2025-11-22 07:56:12,Verizon Wireless Jetpack 8800L 4G LTE Mobile Hotspot (Verizon) - Excellent,$32.99,NA,N/A,https://www.ebay.com/itm/157258900412?_trkparms=5373%3A5000006400%7C5374%3ATech%7C5079%3A5000006405
2025-11-22 07:56:22,Unknown,$32.99,NA,N/A,NA
